{
    "precision": [
        0.8222222222222222,
        0.8181818181818182,
        0.8372093023255814,
        0.8571428571428571,
        0.8780487804878049,
        0.9,
        0.9230769230769231,
        0.9210526315789473,
        0.9459459459459459,
        0.9722222222222222,
        1.0,
        1.0,
        1.0,
        1.0,
        1.0,
        1.0,
        1.0,
        1.0,
        1.0,
        1.0,
        1.0,
        1.0,
        1.0,
        1.0,
        1.0,
        1.0,
        1.0,
        1.0,
        1.0,
        1.0,
        1.0,
        1.0,
        1.0,
        1.0,
        1.0,
        1.0,
        1.0,
        1.0,
        1.0,
        1.0,
        1.0,
        1.0,
        1.0,
        1.0,
        1.0,
        1.0
    ],
    "recall": [
        1.0,
        0.972972972972973,
        0.972972972972973,
        0.972972972972973,
        0.972972972972973,
        0.972972972972973,
        0.972972972972973,
        0.9459459459459459,
        0.9459459459459459,
        0.9459459459459459,
        0.9459459459459459,
        0.918918918918919,
        0.8918918918918919,
        0.8648648648648649,
        0.8378378378378378,
        0.8108108108108109,
        0.7837837837837838,
        0.7567567567567568,
        0.7297297297297297,
        0.7027027027027027,
        0.6756756756756757,
        0.6486486486486487,
        0.6216216216216216,
        0.5945945945945946,
        0.5675675675675675,
        0.5405405405405406,
        0.5135135135135135,
        0.4864864864864865,
        0.4594594594594595,
        0.43243243243243246,
        0.40540540540540543,
        0.3783783783783784,
        0.35135135135135137,
        0.32432432432432434,
        0.2972972972972973,
        0.2702702702702703,
        0.24324324324324326,
        0.21621621621621623,
        0.1891891891891892,
        0.16216216216216217,
        0.13513513513513514,
        0.10810810810810811,
        0.08108108108108109,
        0.05405405405405406,
        0.02702702702702703,
        0.0
    ],
    "threshold": 0.029807955026626587,
    "max": 35.66025924682617,
    "min": -16.225692749023438
}